SELECT COUNT(*) FROM Addresses;
COUNT(*)
2666749
SELECT COUNT(*) FROM Books;
COUNT(*)
5001
SELECT COUNT(*) FROM Cards;
COUNT(*)
1604661
SELECT COUNT(*) FROM Covers;
COUNT(*)
20
SELECT COUNT(*) FROM Customers;
COUNT(*)
2005397
SELECT COUNT(*) FROM Emails;
COUNT(*)
2566571
SELECT COUNT(*) FROM LoyaltyPoints;
COUNT(*)
923008
SELECT COUNT(*) FROM MaritalStatuses;
COUNT(*)
5
SELECT COUNT(*) FROM Phones;
COUNT(*)
2427033
SELECT COUNT(*) FROM Transactions;
COUNT(*)
11279171
SELECT COUNT(*) FROM TransactionTypes;
COUNT(*)
3
